ST,Count
1558,1
1566,1
30,1103
39,89
8,4017
34,134
1,1645
22,5320
130,494
3121,1
398,2727
181,1
183,2
184,2
185,4
541,6
191,1
,959
5,5131
239,2948
105,1388
231,81
36,649
236,1
45,813
241,23
242,1
1245,54
2371,84
149,19
15,769
20,134
244,1
1892,6
88,288
6,214
772,380
500,1
25,214
1225,2
1329;501,1
174,1
72,194
101,63
89,4
125,26
1829,1
2865,1
582,61
245,1
50,45
1815,1
1282,4
2925,5
118,2
59,333
1784,1
1944,5
496,31
248,28
1076,2
425,201
111,16
249,1
2866,1
146,43
923,5
251,2
252,1
337,1
175,1
377,1
97,776
2881,1
121,163
9,549
2870,1
225,121
1693,7
123,21
7,167
109,74
2875,1
228,64
81,34
2867,3
609,220
3141,2
1481,1
428,1
2863,1
12,143
10,8
78,24
439,1
2880,1
2858,1
656,1
2233,1
26,15
682,1
2861,1
2066,3
686,1
35,1
150,1
2869,1
2860,1
1776,12
2879,1
757,35
3,6
395,7
752,6
188,431
368,2
2690,1
902,1
2864,1
2878,1
1021,4
1066,9
346,5
2859,1
753,1
1375,2
1082,2
1207,9
737,7
2626,1
1177,1
573,23
2938,4
1190,2
2636,4
1283,1
46,10
2877,1
1352,3
664,2
1441,1
1452,1
2914,1
1463,2
176,1
1494,1
2937,1
1528,1
1529,5
1946,1
572,1
1074,16
1531,2
634,2
1540,11
1971,1
2876,1
1545,1
151,221
361,12
1526,7
93,469
672,34
1562,1
1764,8
3139,12
2149,2
2942,1
1945,17
1572,1
1576,1
2616,5
1578,1
1943,29
2900,1
80,32
2273,10
177,5
2274,7
2892,2
779,6
2037,1
2198,14
1579,5
2574,1
1580,4
133,485
1582,4
250,131
1584,1
1139,4
1586,6
2046,15
1587,3
1588,1
1589,1
1590,4
1591,5
179,5
180,43
3093,1
186,1
1957,8
2924,1
71,120
3132,3
1613,6
1617,1
700,37
2890,1
1618,34
3206,1
1692,6
2908,1
3111,2
3122,4
965,3
206,3
1823,1
1849,1
1223,6
574,3
3124,1
3106,4
2361,48
1868,2
2416,4
2928,1
3128,1
1869,1
2062,1
2063,1
1626,2
2174,1
3488,1
338,8
209,1
480,5
3091,9
49,173
599,16
3133,1
216,3
2926,1
2923,2
2932,1
2918,2
2893,1
2031,3
218,1
2939,1
94,3
2156,1
2024,2
3123,1
3131,1
3107,1
522,51
1956,6
2573,3
718,9
2161,1
2188,3
219,1
2391,1
1278,2
630,31
2895,4
2922,1
47,27
2940,1
291,43
223,1
2907,1
3098,1
2179,1
3112,1
2762,1
2979,3
247,113
3305,1
3306,2
3307,1
3308,1
3309,1
2899,1
3310,1
3311,3
3312,5
2902,1
224,2
2896,2
2903,1
95,2
2906,2
2929,1
789,23
2911,1
1224,15
54,17
508,48
2912,1
2933,1
51,9
2889,5
2891,1
605,2
2905,1
828,5
3314,10
2750,2
3315,2
3316,2
830,1
3317,3
227,2
3113,3
2014,1
3095,2
2910,2
2197,1
3320,1
3097,2
692,27
3321,1
182,39
2897,1
446,3
1126,4
3104,1
3109,1
3110,1
3322,1
2250,14
2793,1
3325,1
2930,2
3326,1
2934,1
2898,1
1460,7
2919,1
1035,2
2931,1
2941,1
2927,1
464,21
2904,1
3329,1
2913,1
229,1
3330,3
230,1
232,4
3094,2
2173,1
1958,4
233,1
3332,1
3333,1
2113,1
3334,1
1744,1
3335,3
254,22
3338,1
3129,3
2021,7
2901,1
2936,1
3087,1
3339,1
3108,3
3127,3
3114,1
3130,1
3103,3
3116,1
3136,1
3341,1
3343,1
3344,4
3345,3
3346,3
3347,1
3348,1
3096,3
1232,18
3115,1
816,23
3349,3
3350,3
352,291
1247,7
3134,1
3125,2
1859,2
3352,1
2032,1
2935,1
970,6
2894,1
2440,4
3356,1
2917,1
1850,8
3357,1
1709,1
3358,1
1073,4
237,1
913,2
2888,2
2920,1
2916,2
3359,1
2915,1
138,1
3099,1
3362,1
96,9
3364,1
3365,1
521,5
3366,1
890,6
243,33
707,7
840,9
3403,2
87,33
3406,2
3408,2
3409,2
507,7
153,1
2994,8
2508,2
3410,39
474,18
1730,2
3126,1
3420,1
580,12
3421,2
3422,2
1281,11
3423,4
1530,2
2374,6
3424,2
3013,5
3426,5
2445,1
2441,1
199,6
3427,3
3428,2
3429,2
3430,2
3432,1
3433,2
3434,2
1532,1
3435,1
3436,1
3437,2
3438,1
2224,7
3439,1
1533,3
1534,2
1535,6
878,1
1647,4
3441,4
1536,1
3442,6
3443,1
2319,6
3074,4
3446,4
2450,2
942,3
3447,2
3448,2
3449,3
3451,1
1841,2
1163,4
3452,2
1538,7
1003,4
3453,2
3454,4
3455,2
3456,4
1866,9
1150,6
3457,1
3458,3
3459,2
3460,2
2434,3
2255,8
256,14
3462,2
3463,2
2452,1
924,5
3464,3
3467,1
3468,2
1542,1
3469,2
3470,1
646,5
2676,7
3474,2
3475,3
3481,2
3483,2
710,25
3486,4
3497,3
3499,8
152,94
3506,2
3508,2
3510,4
2824,3
3514,2
3520,5
3102,1
3526,1
3527,1
3088,1
3528,5
3090,1
2944,5
2826,4
3117,3
3529,2
3530,1
3532,1
333,2
3535,1
3536,2
3537,2
3541,2
3557,5
1548,1
3558,1
3101,1
2437,1
3120,1
1094,3
2417,2
2439,2
3559,2
3561,3
3564,1
3565,1
3571,2
3578,1
3587,2
2675,2
1186,4
1739,2
2640,1
2328,22
1184,4
1187,4
1550,2
3119,1
1743,2
2639,4
100,16
1100,2
3105,1
2625,4
1011,27
3590,10
729,2
3592,2
3603,1
3604,1
3605,1
2430,3
1820,2
1797,10
701,5
712,3
3615,15
3616,1
3617,1
3620,7
3621,1
3622,2
976,1
3623,2
3624,1
3625,1
3626,1
3627,1
3012,1
3628,9
3629,1
1908,1
3006,2
3275,1
1292,3
3630,1
848,1
3631,1
1160,3
3632,1
3633,1
3634,1
27,5
1552,1
3635,1
3636,1
3637,1
3638,1
1525,1
3639,1
3640,1
3641,1
3642,1
3643,1
3644,2
3645,1
3646,1
3647,1
3648,1
3001,1
478,3
3649,2
1824,1
2126,4
3118,2
3137,1
1635,18
3657,1
3007,1
3658,1
3659,1
3660,1
2276,14
2995,1
3016,1
1553,1
3661,1
3008,1
2998,1
2767,3
3092,1
2257,2
750,11
3058,1
3669,1
3213,1
2253,3
1554,1
1340,1
3671,1
3672,1
3673,1
3674,1
2999,1
3675,1
144,1
85,2
3004,1
3676,1
3677,1
3678,1
3679,1
3002,1
3680,2
1555,1
3017,1
3009,1
3149,1
1162,1
3682,1
3683,1
1176,6
3688,1
3691,1
3692,1
433,36
2305,1
3693,1
1390,1
3694,1
3695,1
1556,1
1153,12
995,2
3696,2
3697,4
3699,1
1457,1
3700,1
3703,1
3706,6
3709,15
3710,2
3716,1
3138,2
3140,16
2011,3
2490,4
1729,3
3718,3
2150,1
481,9
3142,4
1218,1
2491,1
132,11
3720,1
3721,6
136,3
3726,1
3727,1
3728,2
3010,1
3729,5
3733,1
3011,1
1456,1
3734,2
3735,1
3737,1
3738,1
3739,1
3740,1
3742,1
3743,1
526,5
3014,1
3744,1
669,2
3000,1
3745,1
1559,1
3746,1
3015,1
3003,1
3747,1
2562,1
2996,1
3749,1
3750,1
3751,1
3752,1
3753,1
3754,2
2678,10
3755,1
1156,6
3757,1
3758,1
1560,1
3760,1
3762,1
3763,7
3765,1
3766,3
3769,1
1920,3
1561,3
3770,1
3771,1
3776,1
3777,1
3779,1
1563,2
3781,1
1564,1
3782,1
3783,1
2772,2
3787,1
3789,1
2997,1
3793,3
3796,1
419,3
3799,1
3800,2
3801,1
1565,1
3804,1
2488,1
3809,2
3811,1
3812,2
612,77
3818,1
3820,1
3822,1
3824,1
1567,1
3825,1
3827,1
1568,1
2779,1
3829,1
3833,2
3834,1
3835,2
3837,2
3839,1
1631,2
3841,2
1179,6
3842,1
3843,2
3044,2
3845,1
3846,1
1569,1
3005,1
2383,2
2438,3
2443,2
3849,2
3850,1
3852,1
493,1
343,1
3854,1
513,3
1178,2
1573,1
3857,1
1574,1
3858,1
3859,1
1575,1
3860,1
946,2
3869,1
3881,32
3885,2
2377,1
3886,1
1750,2
3887,1
3888,1
3889,1
3890,1
3894,2
3904,4
38,1
3924,1
3925,1
1472,5
3931,1
3932,1
1577,3
2442,2
2444,2
2047,1
8504,2
6614,2
3656,1
3681,2
3684,4
3685,2
3686,2
3665,2
3687,1
3668,2
3355,4
3689,1
4283,1
4337,1
4359,1
4504,1
4535,1
4551,3
4552,10
4981,1
4982,3
4983,1
4984,1
4985,1
4986,1
4987,1
5032,1
5066,2
5211,1
5212,1
5213,1
5352,2
5354,2
5355,1
5365,1
5366,1
5494,1
5495,1
5426,1
5428,1
5474,1
5478,1
5490,1
5491,3
5555,1
5556,1
1633,5
5685,6
5642,1
5643,1
5644,1
5640,1
5641,3
5557,1
5645,4
5646,1
5647,2
5648,1
5650,2
5651,2
5652,1
5653,1
5654,1
5655,1
5649,1
5656,1
5657,1
5658,1
6615,1
5659,1
5660,1
5661,1
5662,1
5663,1
5664,1
5665,1
5666,1
5667,1
5668,1
5669,1
5670,1
5671,1
5672,1
5673,1
5674,1
5675,1
5676,1
5677,1
5678,1
5679,1
5680,1
5681,1
5682,1
5683,1
5684,1
5353,1
5703,1
5702,1
5710,1
5711,2
5713,1
5714,1
5715,2
5717,1
5718,1
5719,1
5720,3
5723,1
5724,1
5725,2
5727,1
5728,2
5730,1
5731,1
5732,5
5733,1
5734,1
5735,2
5813,1
5814,1
5815,1
6324,1
5830,1
5831,1
5832,1
5833,1
5834,1
5835,1
5836,1
6616,6
5874,1
5977,2
5993,28
6078,1
5999,2
6000,1
6063,2
6083,2
6064,1
6110,1
6121,1
6142,2
6144,1
6145,1
6146,1
6147,1
6148,1
6149,1
6150,1
6151,1
6152,1
6153,1
6154,1
6155,2
6156,1
6158,1
6159,1
6177,2
6176,3
6291,2
6292,2
6628,1
6629,1
6630,1
6631,1
6632,1
6633,1
6634,1
6635,1
6636,1
6637,1
6638,1
6584,2
6309,1
6311,1
6308,1
6268,1
6269,1
6270,1
6711,2
6712,4
6713,1
6714,1
6715,3
6314,1
6315,1
6316,1
6317,1
6318,1
6319,1
6320,1
6485,1
6486,1
6487,1
6543,1
6544,1
6545,1
6546,1
6547,1
6548,1
6549,1
6550,1
6551,1
6552,1
6553,1
6554,2
6555,1
6556,1
6575,2
6576,2
6613,1
6583,1
6640,1
6641,1
6610,2
6611,1
6612,1
6642,1
835,4
6617,1
872,5
6618,1
6643,1
6619,1
6620,1
834,3
6621,1
6622,1
6623,1
6036,1
6624,1
6501,2
953,8
5234,1
6644,1
6645,1
6625,4
6626,1
6646,1
6647,1
6648,2
6649,1
6650,1
6651,1
6652,5
6653,1
6693,1
6694,1
6716,3
6719,2
6674,2
6723,3
6850,1
6851,1
6759,2
6761,2
6764,1
6765,1
6766,1
6780,1
6778,1
6779,11
6817,1
6818,2
6819,1
6848,1
6849,1
6852,2
6853,1
6854,1
6855,1
6856,1
6857,1
6858,1
6821,1
6822,1
6859,1
6860,1
6823,2
6861,1
6862,3
6863,1
6864,1
6865,1
6866,1
6867,1
6868,1
6869,2
6811,1
6870,1
6871,1
6824,1
6872,1
6873,1
6874,1
6875,1
6876,1
6825,1
6877,1
6878,1
6826,1
6879,1
6880,1
6883,2
6884,2
6885,2
6886,2
6887,2
6888,2
6889,2
6890,2
6882,2
6891,2
6956,8
6931,2
6929,1
6932,1
6933,1
6934,1
6935,1
6936,1
6930,1
6937,1
6938,1
6939,2
6940,1
6941,1
9168,2
6978,1
6979,1
6980,1
6981,1
6984,1
6989,1
6998,1
7000,1
7001,2
7002,2
7013,5
7014,1
7044,4
7045,2
7047,2
7048,2
7049,2
7050,2
7052,2
7053,2
7055,2
7059,2
7204,2
762,9
7097,1
7098,1
7099,1
7107,1
7105,2
5477,11
7108,2
7109,1
7110,3
7199,1
7200,1
7183,2
7253,4
7205,2
7292,1
7293,3
7296,1
7300,1
7206,1
7302,3
7306,1
7307,4
7309,1
7310,1
7311,1
7312,1
7314,2
7317,10
7321,1
7207,1
7250,1
7248,1
7295,1
7251,1
7252,2
7254,1
7255,1
7256,1
7257,1
7258,1
7259,1
7260,1
7261,1
7262,1
7263,1
7264,1
7265,1
7266,1
7267,2
7268,1
7269,1
7270,1
7271,1
7272,1
7273,1
7274,1
7275,1
7276,1
7277,1
7278,1
7279,1
7280,1
7281,1
7282,1
7283,1
7284,1
7285,1
7286,1
7287,2
7288,1
7289,1
7290,1
7297,1
7354,1
7464,3
7443,1
7444,1
7445,1
7446,1
7447,1
7448,1
7449,1
7450,1
7451,1
7452,1
7453,1
7454,1
7463,1
7465,1
7466,1
7467,1
7468,1
7469,1
7470,1
7471,1
7472,1
7473,1
7474,1
7475,1
7476,1
7477,1
7478,2
7479,1
7480,1
7481,1
7482,1
7483,1
7484,1
7485,1
7486,1
7487,1
7488,1
7489,1
7490,1
7491,1
7492,1
7493,1
7494,1
7495,1
7496,1
7497,1
7498,1
7499,1
7500,1
7501,1
7502,1
6488,1
6513,1
6489,1
894,3
6490,1
6491,1
1168,1
1507,1
6492,1
6493,1
5111,1
6494,1
6495,3
6496,1
6497,1
1152,3
6499,1
6500,1
3154,1
6502,1
2498,1
6503,1
6505,1
6507,1
6508,1
6509,1
6510,1
6511,1
207,2
3043,1
6512,1
5487,2
2990,15
567,2
3911,1
2365,1
5189,3
7534,1
7535,1
7536,1
7537,1
2454,30
7565,1
7549,1
7550,1
7551,1
7566,1
7567,1
7568,1
7573,1
7576,6
7662,1
7592,1
7612,1
7635,1
7663,4
7671,1
7672,1
7670,1
7674,1
7675,1
7678,1
7679,2
7680,1
7681,1
7683,1
7686,2
7687,2
7745,2
7688,2
7746,2
7689,2
7690,2
7747,2
7691,2
7748,2
7692,2
7749,2
7750,2
7751,2
7693,2
7752,2
7753,2
7754,2
7694,2
7695,2
7770,1
7760,2
7797,1
7796,1
7767,1
7807,1
7798,1
7799,1
7800,1
7801,1
7802,1
7803,1
7804,1
7805,1
7806,1
7809,1
7810,1
7811,1
7821,1
7822,2
7823,1
7824,1
7825,1
7826,1
7827,1
7828,2
7829,1
7837,1
7838,2
7839,2
7842,1
7843,1
7844,25
7840,3
7841,5
7845,2
7846,12
7847,1
7848,2
7850,1
7856,1
7857,1
852,2
3249,13
7865,1
8752,1
4921,1
7866,1
7867,1
3250,1
7868,1
7869,2
8113,5
8117,1
8118,1
5780,1
106,3
8120,1
7870,1
7871,1
8121,1
8122,1
7872,1
8123,1
8124,1
8125,2
1290,5
7873,2
8127,1
8128,1
8129,1
8088,1
7874,1
7880,1
7881,1
7882,1
7888,1
7889,1
4783,2
509,3
7890,2
7891,2
4618,2
5510,2
1159,4
115,35
372,1
8037,3
7892,1
4166,4
7893,1
1447,1
42,1
145,1
4803,2
7894,1
1356,1
7895,1
431,1
371,1
7896,1
7897,3
901,3
7898,1
105;5,1
764,20
124,12
8089,1
7899,1
1344,1
5996,1
1346,1
1347,2
814,3
385,2
1342,1
1345,2
4674,1
3926,30
4273,1
7119,1
8112,1
1768,1
2108,1
1760,1
2657,1
2106,1
2098,1
2096,1
2119,1
2120,1
2099,1
356,1
1027,1
350,8
354,1
351,23
705,69
407,2
126,78
709,1
691,2
706,1
1660,41
1725,2
711,1
1766,1
699,1
4581,44
1727,2
131,1
479,28
520,2
135,2
139,1
1516,2
7191,1
8286,3
504,56
2077,1
3183,4
7900,2
3597,48
5051,1
7901,5
7902,1
6837,1
2270,8
7903,2
2187,48
164,27
1376,6
1687,13
3078,1
2459,8
2219,2
4968,7
2453,2
7904,2
4976,2
5098,1
5360,2
2463,1
2464,1
2465,1
2467,1
1872,1
10571;4137,1
2059,1
2022,1
2058,1
10572;5606,1
7975,1
7976,1
7977,1
7979,1
7987,1
7988,1
8011,1
8012,1
8014,1
8025,1
8038,1
8040,1
8041,1
8042,1
8043,1
8044,1
8045,1
8046,2
8047,1
8048,1
8049,1
8050,1
8051,1
8053,1
8054,3
8055,1
8056,1
8057,2
7759,1
8058,1
8059,1
8060,1
8061,1
8062,1
7777,2
9323,2
4270,1
8063,2
8335,1
7849,1
8069,1
8070,1
8073,1
8074,1
8075,1
8076,1
8077,1
8078,1
8079,1
8080,1
8081,1
8082,1
8083,1
6071,1
1482,2
8130,1
8131,2
1181,6
8132,1
8087,1
8090,1
8091,1
8145,1
8169,1
8182,1
544,3
8318,1
8319,1
8609,1
8321,1
8322,1
8338,1
8339,1
8340,2
8341,1
8344,5
6095,1
5204,2
3251,1
8345,2
8346,2
8395,1
3939,1
8392,1
8393,1
8394,1
8396,5
8402,3
8403,2
8404,5
8406,2
8405,2
8407,4
8408,1
8409,2
8410,2
8411,2
8412,2
8413,7
8414,2
8415,1
8416,1
8417,2
8418,1
8419,1
8420,2
8421,2
8422,2
8423,1
8424,1
8425,1
8426,2
8427,7
8428,2
8429,2
8431,2
8432,1
8433,1
8434,1
8435,2
8436,1
8437,1
8438,1
8439,1
8440,1
8441,1
8442,1
8443,1
8444,1
8445,1
8446,1
8447,1
8448,1
8449,1
8451,1
8452,1
8453,1
8454,1
8463,1
8505,1
8490,1
73,1
8500,28
8501,4
8495,3
8494,1
8496,1
8498,1
8497,1
8503,1
8509,2
3028,12
8510,2
8564,1
8570,1
8571,1
8572,1
8573,1
8619,1
8620,2
8621,1
8622,1
8624,2
8625,2
8626,3
8627,6
8630,2
8706,1
9021,2
9022,2
8707,1
8708,1
9023,2
8709,1
9002,2
9025,2
9026,2
9028,2
8710,1
9020,2
8723,1
8725,1
8732,1
8735,1
8733,2
8734,1
8736,1
8737,1
8738,1
8747,1
8748,1
8749,1
3269,1
9030,1
4432,1
8750,1
9031,1
8751,1
6047,1
8761,1
8770,3
8771,1
8798,1
8832,1
8843,1
8856,1
8857,1
8862,1
8863,1
8865,1
8866,1
8867,1
8900,1
8868,1
8869,1
8870,1
8871,1
8872,1
8873,1
8874,1
8875,1
8876,1
8877,1
8878,1
8879,1
8880,1
8881,1
8882,1
8883,1
8884,1
8885,1
8886,1
8887,1
8888,1
8889,1
8890,1
8901,1
8891,1
8892,1
8475,6
8894,2
8895,2
8915,1
9032,1
9033,1
8925,1
9003,2
9034,3
9816,1
8985,1
8986,1
9036,1
9037,4
9039,1
9044,1
9045,1
9047,1
9049,1
9050,1
9051,2
9052,1
9054,1
9056,1
9057,1
9055,1
9060,1
9061,1
9062,1
9063,1
9064,1
8987,1
9059,6
9065,4
9066,6
8989,1
9008,1
9018,2
9019,2
9067,1
9080,1
9081,1
9073,1
9082,1
9087,1
9083,2
9084,9
9085,1
9089,1
9088,1
9086,1
9102,1
9103,1
9104,1
9105,1
9106,1
9110,1
9111,1
9112,1
9166,1
9138,1
9144,1
9153,1
9160,1
9157,1
9158,1
9165,1
9163,1
9164,1
9180,1
9182,1
9183,1
9184,1
9185,1
9186,1
9194,1
9195,1
9196,1
9197,1
9198,1
9200,1
9201,1
9202,1
9203,1
9204,1
9205,1
9217,1
9220,1
9264,1
9265,1
9329,1
9330,1
9331,1
9266,1
9267,1
9268,2
9270,1
9271,1
9272,2
9274,1
9275,1
9276,1
9277,1
9278,1
9279,1
9280,1
9281,1
9282,1
9283,1
9284,1
9285,1
9286,2
9288,1
9289,1
9290,2
9292,1
9293,1
9294,1
9295,1
9296,1
9517,1
9298,1
9895,1
9518,1
9519,1
9306,1
9307,1
9317,1
9335,1
9336,1
8111,1
9333,1
9344,1
9370,1
9371,1
9373,1
9372,2
9374,1
9375,1
9504,1
9515,1
9505,2
9506,1
9507,1
9376,4
9508,1
9509,1
9510,1
9377,1
9393,2
9378,1
9379,1
9511,1
9516,1
9380,1
9391,1
9392,1
9394,1
9395,1
9396,1
9397,1
9398,1
9399,1
9400,1
9401,1
9402,1
9403,1
9404,1
9405,1
9406,1
9512,1
9434,1
9435,1
9514,1
9520,1
9521,1
9522,1
9523,1
9524,1
9525,1
9526,1
9527,1
9576,1
9579,1
9528,1
9577,1
9549,1
9550,1
9551,1
9552,1
9553,1
9554,2
9563,2
9564,1
9562,1
9561,1
9565,1
9566,1
9558,1
9557,1
9555,1
9567,1
9568,1
9578,1
9580,1
9817,1
9609,1
9612,1
9613,1
9610,1
9614,1
9615,1
9616,1
9707,3
9818,1
9819,1
9704,1
9710,1
9711,1
9712,1
9713,1
9708,1
9709,1
9750,1
9820,1
9821,1
9822,1
9823,1
9824,1
9825,1
9826,1
9752,1
6463,1
9827,1
9828,1
9829,1
9830,1
9831,1
7761,1
9832,1
9833,1
9834,1
9835,1
367,1
9836,1
9592,1
9837,1
9838,1
9839,1
6049,1
9840,1
9841,1
9753,1
7718,1
9842,1
9843,1
9844,1
9845,1
4398,2
9846,1
9847,1
9754,1
9848,1
9849,1
9850,1
9755,1
1930,2
9851,1
9852,1
9756,2
4261,1
9757,1
9853,1
9854,1
9855,2
9758,1
3523,1
9856,1
1518,1
9857,1
9858,2
9759,1
9859,1
33,1
9860,1
9760,1
9861,1
9862,1
9863,1
9761,1
9864,1
9865,1
9762,1
9763,1
9764,1
9765,1
9866,1
9766,1
9867,1
9868,2
9869,1
9870,1
9871,1
1821,3
9872,1
1395,1
9873,1
9874,1
9875,1
7547,2
9767,1
9876,1
9877,1
9878,1
9879,1
9880,1
9881,1
9768,1
9769,1
9882,1
9883,1
9770,1
9884,1
9885,1
2337,1
9886,1
2304,2
9771,1
9887,1
9888,1
9889,1
927,2
9890,1
9891,1
9892,1
9772,1
9893,1
9894,1
9773,1
1351,1
9896,1
9897,2
9898,1
9900,1
9774,1
5752,1
9901,1
6016,1
9902,1
9903,1
9904,2
9905,1
9906,1
925,1
9907,1
6603,1
9908,2
9909,1
9910,1
9911,1
9912,1
9913,1
9775,1
9914,1
9915,1
6086,1
9916,1
9917,1
9918,1
5208,1
9776,1
1165,2
9919,1
9920,1
5112,1
9921,1
9922,1
3548,1
9924,1
9925,1
9926,1
9777,1
9927,1
4001,1
9928,1
9929,1
9778,1
9779,1
9930,1
455,1
9931,1
2411,1
18,2
9932,1
9933,1
9934,1
9935,1
9936,1
9937,1
9814,1
9812,1
9815,1
9810,1
7346,1
8221,1
2114,1
5457,1
9938,1
2631,3
9940,1
5286,1
4307,1
6272,1
2389,2
6296,1
6312,1
6313,1
2272,1
587,1
3195,1
977,1
5863,1
426,2
1708,2
950,1
4614,1
7358,2
9584,1
2725,5
9585,1
2073,5
2957,5
1765,2
7620,1
3667,1
3575,1
3581,3
3583,3
3582,1
3602,2
6789,1
1442,1
9590,1
5870,1
10177,1
1148,1
240,1
6298,1
5382,1
10178,1
9994,1
9992,1
10005,1
10006,1
10007,1
10008,1
10009,1
10010,1
10011,1
10012,1
10013,1
10014,1
10015,1
10016,4
10017,1
10018,1
10019,1
10020,1
10021,1
10022,1
10023,2
10025,1
10026,1
10027,1
10028,1
10029,2
10030,1
10031,2
10032,2
10033,1
10035,1
10036,5
10037,1
10038,1
10039,1
10040,1
10041,1
10042,1
10043,1
10024,1
10034,1
10044,1
10045,1
10046,1
10047,1
10048,1
10049,1
10050,1
10051,1
10052,1
10053,1
10054,1
10055,2
10056,1
10057,1
10058,1
10059,1
10060,2
10061,1
10062,1
10063,1
10064,1
10065,2
10066,1
10067,2
10068,2
10069,1
10070,1
10071,1
10072,3
10073,1
10074,1
10075,1
10076,1
10077,1
10096,2
10097,1
10098,1
10099,1
10100,1
10101,1
10102,2
10103,1
10104,1
10105,1
10106,1
10107,1
10108,1
10109,1
10110,1
10111,1
10112,1
10113,1
10114,2
10078,1
10115,1
10116,1
10117,1
10118,1
10119,1
10120,1
10079,1
10121,3
10122,2
10123,1
10124,1
10125,1
10126,1
10127,7
10128,3
10129,1
10130,1
10080,1
10131,1
10081,1
10132,1
10082,1
10133,1
10134,1
10135,2
10083,1
10136,1
10137,1
10138,1
10084,1
10139,1
10140,2
10141,1
10142,1
10143,1
10144,1
10145,2
10085,1
10146,2
10086,1
10147,1
10148,1
10149,1
10150,2
10151,1
10152,2
10153,1
10154,2
10155,1
10156,3
10087,2
10157,1
10158,1
10088,1
10159,1
10160,1
10161,1
10162,1
10089,1
10163,2
10164,1
10165,2
10090,1
10166,1
10091,1
10092,1
10167,1
10168,1
10093,1
10169,1
10094,1
10095,1
10170,1
10171,1
10172,1
10173,1
10174,1
10175,1
10176,1
10183,2
10189,1
10190,1
10191,1
10192,1
10201,1
10202,1
10203,1
10210,1
10211,1
10209,1
10212,1
10214,1
10234,1
10238,1
10245,1
10239,1
10240,1
10251,3
10247,1
10250,1
10227,1
10230,1
10235,1
10236,1
10237,1
10231,1
10232,2
10241,1
10242,1
10243,1
10244,1
10233,1
10246,1
10248,4
10252,1
10559,1
10566,1
10567,1
10568,1
10569,1
10570,1
10574,1
10575,1
10576,1
10577,1
10644,1
10647,1
10648,1
10649,1
10643,1
10650,1
10651,1
1970,14
10758,1
10761,2
9781,1
10273,1
10765,1
1790,1
3390,1
5488,1
5251,1
5248,1
5245,1
5250,1
3383,2
5484,1
5226,2
5244,1
5228,1
5249,1
5227,2
5486,1
5236,1
5246,1
10766,1
375,1
10768,1
8574,1
7182,1
8662,1
10778,1
10779,1
10775,1
10783,1
10785,1
10786,1
10818,1
10827,1
10828,1
10829,1
10838,1
10839,1
10876,1
10879,2
10880,2
10881,2
10882,2
10883,2
10917,1
10908,1
10909,1
10910,1
10911,1
10918,1
10913,1
10914,1
10915,1
10928,1
10927,1
10929,1
10924,1
10940,1
10926,1
10931,1
11000,1
10951,1
10952,1
11001,1
380,2
7096,1
7095,1
11002,2
1380,6
4544,1
11004,1
11005,1
11006,1
6596,2
11007,7
10953,4
3252,3
11008,3
5598,2
11013,2
11014,1
3033,1
10954,1
10955,1
11020,2
11021,2
11023,1
11024,1
3891,25
3897,5
3896,1
11026,1
6241,1
11027,1
6238,2
6239,2
10956,2
6243,3
6240,1
6242,1
2679,1
6244,3
6143,3
6161,2
6140,2
6160,8
5367,5
6163,1
6141,2
6162,1
6165,1
6164,1
6157,1
7104,1
7628,1
7630,1
7629,1
7632,1
3566,1
11028,1
11029,1
90,1
11030,1
2082,1
11031,1
10957,1
11032,2
11033,5
2567,5
2533,3
2569,2
2532,2
11038,1
2566,1
1259,1
2634,1
11040,1
11041,1
389,2
11042,1
11043,1
2855,8
11044,1
11045,1
8149,1
10958,1
11046,1
11047,1
11048,1
10780,1
11049,1
7818,1
581,5
5826,1
7433,1
3237,17
7820,1
7815,2
7814,1
7813,1
7819,1
7812,1
7816,1
6271,1
2659,10
10959,1
10960,1
4756,1
11050,1
11051,1
3021,1
5958,1
1327,2
6137,1
6139,1
1640,30
6166,1
6138,1
4441,1
5693,1
11052,1
11053,1
4251,1
11054,1
10961,1
8632,1
6985,1
2423,1
9076,1
11055,1
11056,2
3282,1
4907,1
11057,1
10896,1
11058,1
11059,2
9327,5
11060,2
11061,1
10816,3
9325,5
10886,1
10962,2
353,1
10963,4
11062,1
11063,2
746,12
11065,1
11066,1
11067,2
11068,3
6322,1
11072,4
10554,4
11076,4
11080,9
11081,4
11084,7
10964,9
11095,1
11096,1
11097,1
76,1
11102,2
11106,1
2992,29
1585,1
11107,1
2521,1
4908,2
1363,3
11108,1
10965,2
11109,1
4904,1
11110,1
4905,2
10966,1
10889,1
10967,1
11111,1
11112,1
2154,1
11113,1
11114,1
11115,1
10895,1
10968,1
10888,1
11117,1
9328,2
10969,1
10893,1
9326,4
9320,5
9324,3
10970,2
10971,1
10972,1
11119,1
11120,1
11121,1
10973,1
11122,1
11123,1
10974,1
6033,1
9219,2
5043,1
11124,1
2764,1
10975,1
11125,1
364,3
10976,2
8511,1
10977,1
11126,1
5597,1
11127,2
10978,1
10979,1
6685,1
10980,1
10981,1
5778,1
512,1
11128,1
10982,1
623,1
10983,1
10984,1
2560,1
10985,1
886,1
11129,1
10986,1
11130,1
11132,1
10987,1
11133,1
11134,1
11135,1
1251,1
10988,1
10989,1
10990,1
11136,1
11137,1
10180,8
4561,1
4215,1
4214,3
4277,1
9332,1
11138,1
11139,1
11140,1
11141,1
11142,1
11143,1
10991,1
11144,2
11145,1
11146,1
11147,1
11148,1
11149,1
11150,1
11151,1
11152,1
11153,1
11154,1
11155,1
11156,1
11157,3
11159,1
11160,1
11161,1
11162,1
11164,1
11165,1
10992,4
9094,1
11166,18
11184,2
10993,3
11186,2
6736,1
6263,4
6262,11
6267,29
6264,1
6265,4
3444,13
6266,2
11188,1
4967,2
11190,1
10994,1
10995,2
2816,1
11191,1
11192,2
11194,1
9513,1
2308,2
5405,19
8814,1
1738,2
1651,1
11195,5
11197,1
11201,3
3562,1
11204,1
11205,2
11207,1
10996,1
10997,1
3055,5
11208,1
8004,1
11209,5
7984,2
7983,3
8320,1
6834,48
7995,12
7996,3
8006,1
7990,1
7991,13
4870,11
7992,1
7994,1
7989,1
7993,1
7997,1
2683,30
4513,1
7181,1
11214,1
11215,1
9099,1
8375,1
9101,1
9100,1
9095,1
3756,7
11216,2
11218,1
7118,1
10887,2
10998,1
1781,1
2013,1
2080,1
1741,1
3184,2
10892,1
3224,17
4090,1
3255,2
2729,1
6133,3
3670,1
11219,1
1791,1
10999,1
11220,1
10949,1
11003,1
11009,1
11010,1
11011,1
11037,2
11039,1
11212,3
11213,1
11217,1
11236,2
11237,1
11238,1
11239,1
11242,1
11241,1
11247,1
11248,1
7012,8
11249,1
11269,1
11262,1
11263,1
11264,1
11265,1
11266,1
11284,1
11290,1
11291,1
11285,2
11286,3
11282,1
10652,2
11283,10
11281,1
11293,1
11294,1
11295,1
11296,1
11297,1
11298,1
11289,1
11304,1
11305,1
