accession,feature,score
SSL3|CC1,bepipred3_median_epitope_score,0.1863291785120964
SSL3|CC5,bepipred3_median_epitope_score,0.19192589074373245
SSL3|CC8,bepipred3_median_epitope_score,0.20304512977600098
SSL3|CC22,bepipred3_median_epitope_score,0.19108916819095612
SSL3|CC30,bepipred3_median_epitope_score,0.1895763874053955
SSL3|CC93,bepipred3_median_epitope_score,0.17254997044801712
SSL7|CC1,bepipred3_median_epitope_score,0.15810173749923706
SSL7|CC5,bepipred3_median_epitope_score,0.15522055327892303
SSL7|CC8,bepipred3_median_epitope_score,0.13896456360816956
SSL7|CC22,bepipred3_median_epitope_score,0.17890825867652893
SSL7|CC30,bepipred3_median_epitope_score,0.16713185608386993
SSL7|CC93,bepipred3_median_epitope_score,0.15897707641124725
SSL11|CC1,bepipred3_median_epitope_score,0.18870284408330917
SSL11|CC5,bepipred3_median_epitope_score,0.19471091032028198
SSL11|CC8,bepipred3_median_epitope_score,0.1940649300813675
SSL11|CC22,bepipred3_median_epitope_score,0.17974920570850372
SSL11|CC30,bepipred3_median_epitope_score,0.18928642570972443
SSL11|CC93,bepipred3_median_epitope_score,0.18577457964420319
ACL82857.1,bepipred3_median_epitope_score,0.13381227850914001
YP_499715.1,bepipred3_median_epitope_score,0.09254132211208344
WP_000666757.1.1,bepipred3_median_epitope_score,0.06401556730270386
ACL82859.1,bepipred3_median_epitope_score,0.04324489086866379
QZA65517.1,bepipred3_median_epitope_score,0.057617008686065674
AEO79032.1,bepipred3_median_epitope_score,0.10023027658462524
XOL43459.1,bepipred3_median_epitope_score,0.0539863258600235
SSL3|CC1,ifnepitope2_median_score,0.595
SSL3|CC5,ifnepitope2_median_score,0.61
SSL3|CC8,ifnepitope2_median_score,0.6
SSL3|CC22,ifnepitope2_median_score,0.555
SSL3|CC30,ifnepitope2_median_score,0.57
SSL3|CC93,ifnepitope2_median_score,0.57
SSL7|CC1,ifnepitope2_median_score,0.58
SSL7|CC5,ifnepitope2_median_score,0.56
SSL7|CC8,ifnepitope2_median_score,0.57
SSL7|CC22,ifnepitope2_median_score,0.57
SSL7|CC30,ifnepitope2_median_score,0.57
SSL7|CC93,ifnepitope2_median_score,0.56
SSL11|CC1,ifnepitope2_median_score,0.55
SSL11|CC5,ifnepitope2_median_score,0.56
SSL11|CC8,ifnepitope2_median_score,0.53
SSL11|CC22,ifnepitope2_median_score,0.52
SSL11|CC30,ifnepitope2_median_score,0.565
SSL11|CC93,ifnepitope2_median_score,0.54
ACL82857.1,ifnepitope2_median_score,0.6
YP_499715.1,ifnepitope2_median_score,0.57
WP_000666757.1.1,ifnepitope2_median_score,0.6
ACL82859.1,ifnepitope2_median_score,0.61
QZA65517.1,ifnepitope2_median_score,0.62
AEO79032.1,ifnepitope2_median_score,0.615
XOL43459.1,ifnepitope2_median_score,0.62
SSL3|CC1,mhci_percentile,0.8969335548172758
SSL3|CC1,mhci_num_strong_binders,96
SSL3|CC5,mhci_percentile,0.8995319865319865
SSL3|CC5,mhci_num_strong_binders,92
SSL3|CC8,mhci_percentile,0.9085785953177258
SSL3|CC8,mhci_num_strong_binders,94
SSL3|CC22,mhci_percentile,0.9110505836575875
SSL3|CC22,mhci_num_strong_binders,79
SSL3|CC30,mhci_percentile,0.9003706563706564
SSL3|CC30,mhci_num_strong_binders,79
SSL3|CC93,mhci_percentile,0.8936035714285714
SSL3|CC93,mhci_num_strong_binders,84
SSL7|CC1,mhci_percentile,0.9065726141078838
SSL7|CC1,mhci_num_strong_binders,73
SSL7|CC5,mhci_percentile,0.9424306569343066
SSL7|CC5,mhci_num_strong_binders,75
SSL7|CC8,mhci_percentile,0.9166945606694561
SSL7|CC8,mhci_num_strong_binders,73
SSL7|CC22,mhci_percentile,0.9296027397260274
SSL7|CC22,mhci_num_strong_binders,64
SSL7|CC30,mhci_percentile,0.9021209302325581
SSL7|CC30,mhci_num_strong_binders,66
SSL7|CC93,mhci_percentile,0.9348174603174603
SSL7|CC93,mhci_num_strong_binders,70
SSL11|CC1,mhci_percentile,0.9241548672566372
SSL11|CC1,mhci_num_strong_binders,68
SSL11|CC5,mhci_percentile,0.9019624060150376
SSL11|CC5,mhci_num_strong_binders,94
SSL11|CC8,mhci_percentile,0.9215477178423237
SSL11|CC8,mhci_num_strong_binders,80
SSL11|CC22,mhci_percentile,0.8429055793991417
SSL11|CC22,mhci_num_strong_binders,84
SSL11|CC30,mhci_percentile,0.9495560538116592
SSL11|CC30,mhci_num_strong_binders,62
SSL11|CC93,mhci_percentile,0.912852140077821
SSL11|CC93,mhci_num_strong_binders,74
ACL82857.1,mhci_percentile,0.8733831168831169
ACL82857.1,mhci_num_strong_binders,55
YP_499715.1,mhci_percentile,0.9717847222222222
YP_499715.1,mhci_num_strong_binders,81
WP_000666757.1,mhci_percentile,0.8748681055155876
WP_000666757.1,mhci_num_strong_binders,144
ACL82859.1,mhci_percentile,0.8951709844559586
ACL82859.1,mhci_num_strong_binders,63
QZA65517.1,mhci_percentile,0.9261555555555555
QZA65517.1,mhci_num_strong_binders,106
AEO79032.1,mhci_percentile,0.827391304347826
AEO79032.1,mhci_num_strong_binders,40
XOL43459.1,mhci_percentile,0.9146024096385542
XOL43459.1,mhci_num_strong_binders,52
SSL3|CC1,mhcii_percentile,2.6642056074766356
SSL3|CC1,mhcii_num_strong_binders,17
SSL3|CC5,mhcii_percentile,2.6032727272727274
SSL3|CC5,mhcii_num_strong_binders,21
SSL3|CC8,mhcii_percentile,2.676388888888889
SSL3|CC8,mhcii_num_strong_binders,17
SSL3|CC22,mhcii_percentile,2.728317757009346
SSL3|CC22,mhcii_num_strong_binders,20
SSL3|CC30,mhcii_percentile,2.8721296296296295
SSL3|CC30,mhcii_num_strong_binders,18
SSL3|CC93,mhcii_percentile,2.7127692307692306
SSL3|CC93,mhcii_num_strong_binders,23
SSL7|CC1,mhcii_percentile,2.4675
SSL7|CC1,mhcii_num_strong_binders,21
SSL7|CC5,mhcii_percentile,2.5170093457943925
SSL7|CC5,mhcii_num_strong_binders,21
SSL7|CC8,mhcii_percentile,2.3749038461538463
SSL7|CC8,mhcii_num_strong_binders,23
SSL7|CC22,mhcii_percentile,2.36264
SSL7|CC22,mhcii_num_strong_binders,29
SSL7|CC30,mhcii_percentile,2.3549572649572648
SSL7|CC30,mhcii_num_strong_binders,23
SSL7|CC93,mhcii_percentile,2.4325225225225227
SSL7|CC93,mhcii_num_strong_binders,26
SSL11|CC1,mhcii_percentile,2.6827272727272726
SSL11|CC1,mhcii_num_strong_binders,13
SSL11|CC5,mhcii_percentile,3.06
SSL11|CC5,mhcii_num_strong_binders,5
SSL11|CC8,mhcii_percentile,2.5763
SSL11|CC8,mhcii_num_strong_binders,19
SSL11|CC22,mhcii_percentile,2.741590909090909
SSL11|CC22,mhcii_num_strong_binders,13
SSL11|CC30,mhcii_percentile,2.5365853658536586
SSL11|CC30,mhcii_num_strong_binders,14
SSL11|CC93,mhcii_percentile,2.986125
SSL11|CC93,mhcii_num_strong_binders,10
ACL82857.1,mhcii_percentile,2.357027027027027
ACL82857.1,mhcii_num_strong_binders,23
YP_499715.1,mhcii_percentile,2.3173636363636363
YP_499715.1,mhcii_num_strong_binders,24
WP_000666757.1,mhcii_percentile,2.5624157303370785
WP_000666757.1,mhcii_num_strong_binders,34
QZA65517.1,mhcii_percentile,2.835901639344262
QZA65517.1,mhcii_num_strong_binders,18
AEO79032.1,mhcii_percentile,2.700833333333333
AEO79032.1,mhcii_num_strong_binders,5
XOL43459.1,mhcii_percentile,2.519032258064516
XOL43459.1,mhcii_num_strong_binders,12
ACL82859.1,mhcii_percentile,2.7238709677419357
ACL82859.1,mhcii_num_strong_binders,6
